Empresa,URL,Dirección,Teléfono,Email
ACCIONA,https://www.acciona.com/es,Avenida de la Gran Vía de Hortaleza,2025-08-08 ,accionacorp@acciona.com
ACEINSA MOVILIDAD SA,https://aceinsa.es/web2/,Polígono Industrial Ventorro del Cano 28925 Alcorcón (Madrid) Teléfono: 91 495 95 90 Fax: 91 495 95 91 E-mai,91 495 95 90 ,aceinsa@aceinsa.es
ALBINI MAQUINARIA DE JARDINERIA SLU,https://www.albimaq.com/,Calle Batalla de Torrijos,914 630 212 ,albimaq@albimaq.com
ASHO,https://www.asho.net/,Calle Pallars 147 Primera Planta 08018 Barcelona Telf.: (+34) 932 651 313 Información general: informacio,932651313 ,asho@asho.net
BOLD TECHNOLOGIES LEADING ESPANA SL,https://empresite.eleconomista.es/BOLD-TECHNOLOGIES-LEADING-ESPANA.html,Calle Arroyomolinos núm. 13 Pol Empresarial El En,86801495 ,celina.espada@btlnet.es
CRONOGRAMA CONSTRUCCIONES SL,https://cronograma.net/,Calle Porta de la Mar,960 05 08 79 ,cronograma@cronograma.net
ECONOCOM PRODUCTS & SOLUTIONS SAU,https://www.econocom.es/,Calle Cardenal Marcelo Spínola,+34 91 411 91 20 ,marketingycomunicacion@econocom.com
GORGE MOTOR SL,https://empresite.eleconomista.es/GORGE-MOTOR.html,Calle Actor Tallavi 18- núm. 20,29961695 ,guadalupe.gmotor@gmail.com
IC 10 PROYECTOS TECNICOS Y CONSTRUCTIVOS SL,https://ic-10.es/,Calle Hermosilla,500-1000,mad@ic-10.es
JORGE LUIS DE LEON HERNANDEZ,https://www.navarra.es/es/-/nota-prensa/los-cantantes-jorge-luis-de-leon-y-tina-gorina-ganan-del-10-concurso-internacional-de-canto-julian-gayarre-,Avenida Carlos III 2,+34 948 012 012 ,navarra@navarra.es
LA VOZ DE GALICIA SA,https://www.lavozdegalicia.es/,Plaza de toros Llévatelo por solo 5,2020-202,cartasaldirector@lavoz.es
MATERIALES Y CONSTRUCCIONES GAMA SL,https://empresite.eleconomista.es/MATERIALES-CONSTRUCCIONES-GAMA.html,Avenida Sant Ramon Nonat núm. 29 Entresuelo,60393642 ,info@gamasl.com
NOCTURNA TEAM SL,https://www.iberinform.es/empresa/5950059/nocturna-team,Avenida Republica Argentina,86694056 ,atencionclientes@iberinform.es
PADECASA OBRAS Y SERVICIOS SA ASFALTOS VICALVARO SL,https://www.padecasa.com/,Calle Perú número 6,2024 91 ,padecasa@padecasa.com
PAVASAL EMPRESA CONSTRUCTORA SA,https://www.pavasal.com/,Calle Tres Forques,00 2025 ,central@pavasal.com
PROSOL INGENIERIA SL,https://www.prosol.com/,Avda Can Fatjo no. 3,+34 91 636 99 66 ,info@prosol.com
PROYECTOS DE INGENIERIA EXTREMENOS SL,https://www.prodiex.com/,Polígono Industrial El Prado,924 303 647 ,info@prodiex.com
TUBERIAS Y MONTAJES SAN JOSE SL,https://tumosasl.es/,Calle Astronomía Nº 1,954 912 613 ,info@tumosasl.es
VISTALEGRE SOLUTIONS S L,https://www.vistalegre.com/,Calle Del Transporte,957 018 400 ,soluciones@vistalegre.com
