NOMBRE_ORIGINAL,NOMBRE_CORREGIDO_FINAL
ASOCIACION FAMILAIRES ENFERMOS ALZHEIMER Y OTRAS DEMENCIAS DE LANZAROTE,ASOCIACION FAMILIARES ENFERMOS ALZHEIMER Y OTRAS DEMENCIAS DE LANZAROTE
LUIS JOSE CASTRO SILVA (TREBELLO),LUIS JOSE CASTRO SILVA TREBELLO
"ORACLE IBÉRICA, S.R.L.",ORACLE IBERICA SRL
"REDONDOYGARCIA, S.A.",REDONDO Y GARCIA SA
SHARP ELECTRONICS EUROPE LIMITED (A TRAVÉS DE SUCURSAL EN ESPAÑA),SHARP ELECTRONICS EUROPE LIMITED SUCURSAL EN ESPANA
"STUDIO SAWU, S. L.",STUDIO SAWU SL
"SUR DE IMPORTACIÓN Y EXPORTACIÓN DE NAVALEZ DE CADIZ, SL",SUR DE IMPORTACION Y EXPORTACION DE NAVALES DE CADIZ SL
"UNION PROTECCIONCIVIL, S.L.",UNION PROTECCION CIVIL SL
UTE Babel-Atos GISS 2022/7210,UTE BABEL ATOS GISS 2022 7210
"Vistalegre Solutions, S. L.",VISTALEGRE SOLUTIONS SL
